2025-07-01 11:44:27,Include fruits and vegetables in every meal.,Nutrition
2025-07-01 11:44:44,Take short walks after meals to aid digestion.,Exercise
2025-07-01 11:45:11,Practice mindfulness or meditation for 10 minutes daily.,Mental Health
2025-07-01 11:45:23,Get at least 7-8 hours of sleep each night.,Sleep
2025-07-01 11:45:27,Practice mindfulness or meditation for 10 minutes daily.,Mental Health
2025-07-01 11:45:31,Drink at least 8 glasses of water daily to stay hydrated.,Hydration
2025-07-01 11:45:36,Include fruits and vegetables in every meal.,Nutrition
2025-07-01 11:45:40,Take short walks after meals to aid digestion.,Exercise
2025-07-01 11:45:44,Get at least 7-8 hours of sleep each night.,Sleep
2025-07-01 11:45:47,Practice mindfulness or meditation for 10 minutes daily.,Mental Health
2025-07-01 11:45:51,Practice mindfulness or meditation for 10 minutes daily.,Mental Health
2025-07-01 11:46:18,Practice mindfulness or meditation for 10 minutes daily.,Mental Health
2025-07-01 11:50:56,Include fruits and vegetables in every meal.,Nutrition
2025-07-01 11:51:21,Get at least 7-8 hours of sleep each night.,Sleep
2025-07-01 13:17:56,Practice mindfulness or meditation for 10 minutes daily.,Mental Health
2025-07-01 13:18:08,Practice mindfulness or meditation for 10 minutes daily.,Mental Health
2025-07-01 13:21:51,Take short walks after meals to aid digestion.,Exercise
2025-07-01 13:22:15,Take short walks after meals to aid digestion.,Exercise
2025-07-01 13:23:13,Practice mindfulness or meditation for 10 minutes daily.,Mental Health
2025-07-01 13:23:20,Get at least 7-8 hours of sleep each night.,Sleep
2025-07-01 13:24:25,Include fruits and vegetables in every meal.,Nutrition
2025-07-01 13:24:36,Take short walks after meals to aid digestion.,Exercise
2025-07-01 15:15:54,Practice mindfulness or meditation for 10 minutes daily.,Mental Health
2025-07-01 15:16:25,Take short walks after meals to aid digestion.,Exercise
2025-07-01 15:21:04,Practice mindfulness or meditation for 10 minutes daily.,Mental Health
2025-07-01 15:21:10,Drink at least 8 glasses of water daily to stay hydrated.,Hydration
2025-07-01 15:21:13,Include fruits and vegetables in every meal.,Nutrition
2025-07-01 15:21:16,Drink at least 8 glasses of water daily to stay hydrated.,Hydration
2025-07-01 15:21:19,Include fruits and vegetables in every meal.,Nutrition
2025-07-01 15:21:22,Take short walks after meals to aid digestion.,Exercise
2025-07-01 15:21:25,Get at least 7-8 hours of sleep each night.,Sleep
2025-07-01 15:21:28,Practice mindfulness or meditation for 10 minutes daily.,Mental Health
2025-07-01 15:21:39,Practice mindfulness or meditation for 10 minutes daily.,Mental Health
2025-07-01 15:24:15,Drink at least 8 glasses of water daily to stay hydrated.,Hydration
2025-07-01 15:24:27,Get at least 7-8 hours of sleep each night.,Sleep
2025-07-01 15:30:03,Take short walks after meals to aid digestion.,Exercise
2025-07-01 15:30:14,Include fruits and vegetables in every meal.,Nutrition
2025-07-01 15:30:37,Include fruits and vegetables in every meal.,Nutrition
2025-07-01 15:30:42,Get at least 7-8 hours of sleep each night.,Sleep
2025-07-01 15:35:06,Include fruits and vegetables in every meal.,Nutrition
2025-07-01 15:35:11,Take short walks after meals to aid digestion.,Exercise
2025-07-01 15:47:48,Drink at least 8 glasses of water daily to stay hydrated.,Hydration
2025-07-01 15:48:21,Include fruits and vegetables in every meal.,Nutrition
2025-07-01 15:49:39,Include fruits and vegetables in every meal.,Nutrition
2025-07-01 15:49:53,Drink at least 8 glasses of water daily to stay hydrated.,Hydration
2025-07-01 15:50:59,Practice mindfulness or meditation for 10 minutes daily.,Mental Health
2025-07-01 15:51:35,Get at least 7-8 hours of sleep each night.,Sleep
2025-07-01 15:54:23,Get at least 7-8 hours of sleep each night.,Sleep
2025-07-01 15:54:51,Practice mindfulness or meditation for 10 minutes daily.,Mental Health
2025-07-01 16:27:30,Include fruits and vegetables in every meal.,Nutrition
2025-07-01 16:27:50,Drink at least 8 glasses of water daily to stay hydrated.,Hydration
2025-07-01 16:28:00,Drink at least 8 glasses of water daily to stay hydrated.,Hydration
2025-07-01 16:28:16,Drink at least 8 glasses of water daily to stay hydrated.,Hydration
2025-07-01 16:53:44,Get at least 7-8 hours of sleep each night.,Sleep
2025-07-01 16:54:15,Include fruits and vegetables in every meal.,Nutrition
2025-07-01 16:54:27,Practice mindfulness or meditation for 10 minutes daily.,Mental Health
2025-07-01 16:54:51,Take short walks after meals to aid digestion.,Exercise
2025-07-01 17:00:54,Take short walks after meals to aid digestion.,Exercise
2025-07-01 17:01:09,Drink at least 8 glasses of water daily to stay hydrated.,Hydration
2025-07-01 17:01:14,Drink at least 8 glasses of water daily to stay hydrated.,Hydration
2025-07-01 17:01:24,Include fruits and vegetables in every meal.,Nutrition
2025-07-01 17:01:42,Practice mindfulness or meditation for 10 minutes daily.,Mental Health
2025-07-01 17:02:09,Practice mindfulness or meditation for 10 minutes daily.,Mental Health
2025-07-01 17:03:55,Get at least 7-8 hours of sleep each night.,Sleep
2025-07-01 17:04:25,Get at least 7-8 hours of sleep each night.,Sleep
2025-07-01 17:04:31,Get at least 7-8 hours of sleep each night.,Sleep
2025-07-01 17:04:47,Take short walks after meals to aid digestion.,Exercise
2025-07-01 17:05:51,Take short walks after meals to aid digestion.,Exercise
2025-07-01 17:06:02,Take short walks after meals to aid digestion.,Exercise
2025-07-01 17:06:18,Drink at least 8 glasses of water daily to stay hydrated.,Hydration
2025-07-01 17:06:33,Get at least 7-8 hours of sleep each night.,Sleep
2025-07-01 17:06:51,Practice mindfulness or meditation for 10 minutes daily.,Mental Health
2025-07-01 17:08:42,Drink at least 8 glasses of water daily to stay hydrated.,Hydration
2025-07-01 17:08:58,Practice mindfulness or meditation for 10 minutes daily.,Mental Health
2025-07-01 17:09:54,Take short walks after meals to aid digestion.,Exercise
2025-07-01 17:10:03,Get at least 7-8 hours of sleep each night.,Sleep
2025-07-01 17:19:11,Get at least 7-8 hours of sleep each night.,Sleep
2025-07-01 17:19:18,Practice mindfulness or meditation for 10 minutes daily.,Mental Health
2025-07-01 19:00:32,Practice mindfulness or meditation for 10 minutes daily.,Mental Health
2025-07-01 19:02:25,Take short walks after meals to aid digestion.,Exercise
2025-07-01 19:03:04,Drink at least 8 glasses of water daily to stay hydrated.,Hydration
2025-07-01 19:15:25,Get at least 7-8 hours of sleep each night.,Sleep
2025-07-01 19:48:26,Practice mindfulness or meditation for 10 minutes daily.,Mental Health
2025-07-01 19:48:50,Take short walks after meals to aid digestion.,Exercise
2025-07-01 19:49:01,Take short walks after meals to aid digestion.,Exercise
2025-07-01 19:49:05,Drink at least 8 glasses of water daily to stay hydrated.,Hydration
2025-07-01 19:49:09,Include fruits and vegetables in every meal.,Nutrition
2025-07-01 19:49:11,Take short walks after meals to aid digestion.,Exercise
2025-07-01 19:49:14,Get at least 7-8 hours of sleep each night.,Sleep
2025-07-01 19:49:17,Practice mindfulness or meditation for 10 minutes daily.,Mental Health
2025-07-01 19:49:25,Practice mindfulness or meditation for 10 minutes daily.,Mental Health
2025-07-01 19:53:36,Get at least 7-8 hours of sleep each night.,Sleep
2025-07-01 19:53:49,Take short walks after meals to aid digestion.,Exercise
2025-07-01 19:56:16,Include fruits and vegetables in every meal.,Nutrition
2025-07-01 19:56:24,Drink at least 8 glasses of water daily to stay hydrated.,Hydration
2025-07-02 14:25:47,Get at least 7-8 hours of sleep each night.,Sleep
2025-07-02 14:25:55,Take short walks after meals to aid digestion.,Exercise
2025-07-02 14:26:16,Drink at least 8 glasses of water daily to stay hydrated.,Hydration
2025-07-02 14:27:48,Include fruits and vegetables in every meal.,Nutrition
2025-07-02 14:28:03,Take short walks after meals to aid digestion.,Exercise
2025-07-02 14:30:44,Get at least 7-8 hours of sleep each night.,Sleep
2025-07-02 14:31:03,Include fruits and vegetables in every meal.,Nutrition
2025-07-02 14:31:26,Take short walks after meals to aid digestion.,Exercise
2025-07-02 14:31:32,Get at least 7-8 hours of sleep each night.,Sleep
2025-07-02 17:49:00,Take short walks after meals to aid digestion.,Exercise
2025-07-02 17:49:19,Drink at least 8 glasses of water daily to stay hydrated.,Hydration
2025-07-02 17:50:25,Practice mindfulness or meditation for 10 minutes daily.,Mental Health
2025-07-02 17:50:29,Take short walks after meals to aid digestion.,Exercise
2025-07-02 17:50:36,Include fruits and vegetables in every meal.,Nutrition
2025-07-02 17:52:26,Drink at least 8 glasses of water daily to stay hydrated.,Hydration
2025-07-02 17:52:49,Take short walks after meals to aid digestion.,Exercise
2025-07-09 18:07:37,Get at least 7-8 hours of sleep each night.,Sleep
2025-07-09 18:08:41,Get at least 7-8 hours of sleep each night.,Sleep
2025-07-09 18:09:19,Take short walks after meals to aid digestion.,Exercise
2025-07-09 18:10:08,Drink at least 8 glasses of water daily to stay hydrated.,Hydration
2025-07-09 18:10:25,Take short walks after meals to aid digestion.,Exercise
2025-07-09 18:14:34,Get at least 7-8 hours of sleep each night.,Sleep
2025-07-09 18:14:52,Drink at least 8 glasses of water daily to stay hydrated.,Hydration
2025-07-09 18:15:01,Drink at least 8 glasses of water daily to stay hydrated.,Hydration
2025-07-09 18:25:14,Include fruits and vegetables in every meal.,Nutrition
2025-07-09 18:26:36,Take short walks after meals to aid digestion.,Exercise
2025-07-09 18:28:14,Get at least 7-8 hours of sleep each night.,Sleep
2025-07-09 18:29:01,Practice mindfulness or meditation for 10 minutes daily.,Mental Health
2025-07-09 18:29:40,Take short walks after meals to aid digestion.,Exercise
2025-07-09 18:29:47,Practice mindfulness or meditation for 10 minutes daily.,Mental Health
2025-07-09 18:33:14,Drink at least 8 glasses of water daily to stay hydrated.,Hydration
2025-07-09 18:33:29,Include fruits and vegetables in every meal.,Nutrition
2025-07-09 18:33:40,Get at least 7-8 hours of sleep each night.,Sleep
2025-07-09 18:33:53,Drink at least 8 glasses of water daily to stay hydrated.,Hydration
2025-07-09 18:37:45,Practice mindfulness or meditation for 10 minutes daily.,Mental Health
2025-07-09 18:38:12,Include fruits and vegetables in every meal.,Nutrition
2025-07-09 18:38:29,Get at least 7-8 hours of sleep each night.,Sleep
2025-07-09 18:38:34,Get at least 7-8 hours of sleep each night.,Sleep
2025-07-09 18:39:41,Include fruits and vegetables in every meal.,Nutrition
2025-07-09 18:56:30,Practice mindfulness or meditation for 10 minutes daily.,Mental Health
2025-07-09 18:56:45,Take short walks after meals to aid digestion.,Exercise
2025-07-09 19:11:55,Practice mindfulness or meditation for 10 minutes daily.,Mental Health
2025-07-09 19:12:02,Get at least 7-8 hours of sleep each night.,Sleep
2025-07-09 19:36:51,Drink at least 8 glasses of water daily to stay hydrated.,Hydration
2025-07-10 14:29:54,Get at least 7-8 hours of sleep each night.,Sleep
2025-07-10 14:30:09,Practice mindfulness or meditation for 10 minutes daily.,Mental Health
2025-07-10 14:33:05,Drink at least 8 glasses of water daily to stay hydrated.,Hydration
2025-07-10 14:33:07,Drink at least 8 glasses of water daily to stay hydrated.,Hydration
2025-07-10 15:24:46,Drink at least 8 glasses of water daily to stay hydrated.,Hydration
2025-07-10 15:25:10,Include fruits and vegetables in every meal.,Nutrition
2025-07-10 15:30:06,Practice mindfulness or meditation for 10 minutes daily.,Mental Health
2025-07-10 15:30:12,Practice mindfulness or meditation for 10 minutes daily.,Mental Health
2025-07-10 15:34:14,Drink at least 8 glasses of water daily to stay hydrated.,Hydration
2025-07-10 15:34:28,Get at least 7-8 hours of sleep each night.,Sleep
2025-07-10 15:34:37,Get at least 7-8 hours of sleep each night.,Sleep
2025-07-10 15:35:07,Take short walks after meals to aid digestion.,Exercise
2025-07-10 15:38:02,Drink at least 8 glasses of water daily to stay hydrated.,Hydration
2025-07-10 15:38:07,Drink at least 8 glasses of water daily to stay hydrated.,Hydration
2025-07-10 15:41:30,Practice mindfulness or meditation for 10 minutes daily.,Mental Health
2025-07-10 15:44:31,Practice mindfulness or meditation for 10 minutes daily.,Mental Health
2025-07-10 15:44:38,Get at least 7-8 hours of sleep each night.,Sleep
2025-07-10 15:48:19,Get at least 7-8 hours of sleep each night.,Sleep
2025-07-10 15:50:32,Get at least 7-8 hours of sleep each night.,Sleep
2025-07-10 15:50:55,Get at least 7-8 hours of sleep each night.,Sleep
2025-07-10 15:51:08,Get at least 7-8 hours of sleep each night.,Sleep
2025-07-10 15:52:05,Get at least 7-8 hours of sleep each night.,Sleep
2025-07-10 16:00:41,Practice mindfulness or meditation for 10 minutes daily.,Mental Health
2025-07-10 16:01:06,Include fruits and vegetables in every meal.,Nutrition
2025-07-10 16:06:55,Practice mindfulness or meditation for 10 minutes daily.,Mental Health
2025-07-10 16:07:13,Drink at least 8 glasses of water daily to stay hydrated.,Hydration
2025-07-10 16:09:41,Include fruits and vegetables in every meal.,Nutrition
2025-07-10 16:12:16,Include fruits and vegetables in every meal.,Nutrition
2025-07-10 16:12:35,Drink at least 8 glasses of water daily to stay hydrated.,Hydration
2025-07-10 16:17:22,Take short walks after meals to aid digestion.,Exercise
2025-07-10 16:17:28,Take short walks after meals to aid digestion.,Exercise
2025-07-10 16:18:00,Practice mindfulness or meditation for 10 minutes daily.,Mental Health
2025-07-10 16:21:58,Take short walks after meals to aid digestion.,Exercise
2025-07-10 16:28:26,Include fruits and vegetables in every meal.,Nutrition
2025-07-10 16:29:02,Take short walks after meals to aid digestion.,Exercise
2025-07-10 16:29:30,Get at least 7-8 hours of sleep each night.,Sleep
2025-07-10 16:32:42,Get at least 7-8 hours of sleep each night.,Sleep
2025-07-10 16:33:01,Include fruits and vegetables in every meal.,Nutrition
2025-07-10 16:46:32,Take short walks after meals to aid digestion.,Exercise
2025-07-10 16:48:08,Drink at least 8 glasses of water daily to stay hydrated.,Hydration
2025-07-10 16:52:19,Get at least 7-8 hours of sleep each night.,Sleep
2025-07-10 16:52:44,Get at least 7-8 hours of sleep each night.,Sleep
2025-07-10 16:57:46,Get at least 7-8 hours of sleep each night.,Sleep
2025-07-10 16:58:19,Take short walks after meals to aid digestion.,Exercise
2025-07-10 16:58:23,Practice mindfulness or meditation for 10 minutes daily.,Mental Health
2025-07-10 17:00:37,Get at least 7-8 hours of sleep each night.,Sleep
2025-07-10 17:00:55,Get at least 7-8 hours of sleep each night.,Sleep
2025-07-10 17:04:07,Get at least 7-8 hours of sleep each night.,Sleep
2025-07-10 17:08:45,Take short walks after meals to aid digestion.,Exercise
2025-07-10 17:09:19,Take short walks after meals to aid digestion.,Exercise
2025-07-10 17:26:35,Get at least 7-8 hours of sleep each night.,Sleep
2025-07-10 17:26:42,Practice mindfulness or meditation for 10 minutes daily.,Mental Health
2025-07-10 17:30:12,Drink at least 8 glasses of water daily to stay hydrated.,Hydration
2025-07-10 17:30:45,Get at least 7-8 hours of sleep each night.,Sleep
2025-07-10 17:33:01,Get at least 7-8 hours of sleep each night.,Sleep
2025-07-10 17:33:30,Take short walks after meals to aid digestion.,Exercise
2025-07-10 17:36:06,Take short walks after meals to aid digestion.,Exercise
2025-07-10 17:42:12,Drink at least 8 glasses of water daily to stay hydrated.,Hydration
2025-07-10 17:43:34,Get at least 7-8 hours of sleep each night.,Sleep
2025-07-10 17:44:02,Get at least 7-8 hours of sleep each night.,Sleep
2025-07-10 17:44:11,Get at least 7-8 hours of sleep each night.,Sleep
2025-07-10 17:44:16,Drink at least 8 glasses of water daily to stay hydrated.,Hydration
2025-07-10 17:44:34,Include fruits and vegetables in every meal.,Nutrition
2025-07-10 17:45:47,Include fruits and vegetables in every meal.,Nutrition
2025-07-10 17:48:30,Include fruits and vegetables in every meal.,Nutrition
2025-07-10 17:49:01,Include fruits and vegetables in every meal.,Nutrition
2025-07-10 17:52:05,Include fruits and vegetables in every meal.,Nutrition
2025-07-10 17:52:31,Drink at least 8 glasses of water daily to stay hydrated.,Hydration
2025-07-10 17:52:53,Include fruits and vegetables in every meal.,Nutrition
2025-07-10 17:53:10,Take short walks after meals to aid digestion.,Exercise
2025-07-10 17:56:53,Take short walks after meals to aid digestion.,Exercise
2025-07-10 17:57:04,Get at least 7-8 hours of sleep each night.,Sleep
2025-07-10 18:03:19,Get at least 7-8 hours of sleep each night.,Sleep
2025-07-10 18:03:34,Get at least 7-8 hours of sleep each night.,Sleep
2025-07-10 18:03:46,Drink at least 8 glasses of water daily to stay hydrated.,Hydration
2025-07-10 18:08:11,Take short walks after meals to aid digestion.,Exercise
2025-07-10 18:09:16,Take short walks after meals to aid digestion.,Exercise
2025-07-10 18:09:22,Drink at least 8 glasses of water daily to stay hydrated.,Hydration
2025-07-10 18:09:25,Get at least 7-8 hours of sleep each night.,Sleep
2025-07-10 18:09:28,Get at least 7-8 hours of sleep each night.,Sleep
2025-07-10 18:09:30,Get at least 7-8 hours of sleep each night.,Sleep
2025-07-10 18:09:31,Get at least 7-8 hours of sleep each night.,Sleep
2025-07-10 18:09:34,Drink at least 8 glasses of water daily to stay hydrated.,Hydration
2025-07-10 18:09:37,Take short walks after meals to aid digestion.,Exercise
2025-07-10 18:09:38,Take short walks after meals to aid digestion.,Exercise
2025-07-10 18:10:08,Take short walks after meals to aid digestion.,Exercise
2025-07-10 18:10:14,Take short walks after meals to aid digestion.,Exercise
2025-07-10 18:10:34,Drink at least 8 glasses of water daily to stay hydrated.,Hydration
2025-07-10 18:10:43,Drink at least 8 glasses of water daily to stay hydrated.,Hydration
2025-07-10 18:10:50,Drink at least 8 glasses of water daily to stay hydrated.,Hydration
2025-07-10 18:12:47,Drink at least 8 glasses of water daily to stay hydrated.,Hydration
2025-07-10 18:13:01,Drink at least 8 glasses of water daily to stay hydrated.,Hydration
2025-07-10 18:13:11,Drink at least 8 glasses of water daily to stay hydrated.,Hydration
2025-07-10 18:17:23,Take short walks after meals to aid digestion.,Exercise
2025-07-10 18:21:34,Take short walks after meals to aid digestion.,Exercise
2025-07-10 18:21:38,Include fruits and vegetables in every meal.,Nutrition
2025-07-10 18:21:48,Drink at least 8 glasses of water daily to stay hydrated.,Hydration
2025-07-10 18:22:04,Take short walks after meals to aid digestion.,Exercise
2025-07-10 18:22:11,Practice mindfulness or meditation for 10 minutes daily.,Mental Health
2025-07-10 18:22:24,Get at least 7-8 hours of sleep each night.,Sleep
2025-07-10 18:22:27,Take short walks after meals to aid digestion.,Exercise
2025-07-10 18:23:16,Get at least 7-8 hours of sleep each night.,Sleep
2025-07-10 18:23:22,Get at least 7-8 hours of sleep each night.,Sleep
2025-07-10 18:23:26,Take short walks after meals to aid digestion.,Exercise
2025-07-10 18:23:39,Take short walks after meals to aid digestion.,Exercise
2025-07-10 18:23:51,Get at least 7-8 hours of sleep each night.,Sleep
2025-07-10 18:23:53,Get at least 7-8 hours of sleep each night.,Sleep
2025-07-11 07:45:22,Include fruits and vegetables in every meal.,Nutrition
2025-07-11 07:45:29,Drink at least 8 glasses of water daily to stay hydrated.,Hydration
2025-07-11 07:46:03,Drink at least 8 glasses of water daily to stay hydrated.,Hydration
2025-07-11 07:46:05,Drink at least 8 glasses of water daily to stay hydrated.,Hydration
2025-07-11 07:46:47,Drink at least 8 glasses of water daily to stay hydrated.,Hydration
2025-07-11 07:47:07,Drink at least 8 glasses of water daily to stay hydrated.,Hydration
2025-07-11 07:47:25,Drink at least 8 glasses of water daily to stay hydrated.,Hydration
2025-07-11 07:47:42,Take short walks after meals to aid digestion.,Exercise
2025-07-11 07:47:54,Include fruits and vegetables in every meal.,Nutrition
2025-07-11 07:48:08,Get at least 7-8 hours of sleep each night.,Sleep
2025-07-11 07:48:27,Practice mindfulness or meditation for 10 minutes daily.,Mental Health
2025-07-11 07:48:42,Practice mindfulness or meditation for 10 minutes daily.,Mental Health
2025-07-11 07:51:05,Take short walks after meals to aid digestion.,Exercise
2025-07-11 07:51:13,Take short walks after meals to aid digestion.,Exercise
2025-07-11 07:58:28,Drink at least 8 glasses of water daily to stay hydrated.,Hydration
2025-07-11 07:58:36,Practice mindfulness or meditation for 10 minutes daily.,Mental Health
2025-07-11 07:58:40,Take short walks after meals to aid digestion.,Exercise
2025-07-11 07:58:43,Take short walks after meals to aid digestion.,Exercise
2025-07-11 07:58:46,Take short walks after meals to aid digestion.,Exercise
2025-07-11 08:07:37,Drink at least 8 glasses of water daily to stay hydrated.,Hydration
2025-07-11 08:08:22,Take short walks after meals to aid digestion.,Exercise
2025-07-11 08:08:41,Take short walks after meals to aid digestion.,Exercise
2025-07-11 08:13:22,Take short walks after meals to aid digestion.,Exercise
2025-07-11 08:13:49,Drink at least 8 glasses of water daily to stay hydrated.,Hydration
2025-07-11 08:15:18,Include fruits and vegetables in every meal.,Nutrition
2025-07-11 08:16:53,Take short walks after meals to aid digestion.,Exercise
2025-07-11 08:17:29,Get at least 7-8 hours of sleep each night.,Sleep
2025-07-11 08:18:04,Get at least 7-8 hours of sleep each night.,Sleep
2025-07-11 08:18:07,Get at least 7-8 hours of sleep each night.,Sleep
2025-07-11 08:18:13,Include fruits and vegetables in every meal.,Nutrition
2025-07-11 08:18:15,Include fruits and vegetables in every meal.,Nutrition
2025-07-11 08:19:06,Take short walks after meals to aid digestion.,Exercise
2025-07-11 08:19:31,Practice mindfulness or meditation for 10 minutes daily.,Mental Health
2025-07-11 08:19:35,Include fruits and vegetables in every meal.,Nutrition
2025-07-11 08:19:42,Drink at least 8 glasses of water daily to stay hydrated.,Hydration
2025-07-11 08:19:49,Include fruits and vegetables in every meal.,Nutrition
2025-07-11 08:19:54,Get at least 7-8 hours of sleep each night.,Sleep
2025-07-11 08:20:01,Drink at least 8 glasses of water daily to stay hydrated.,Hydration
2025-07-11 08:20:06,Include fruits and vegetables in every meal.,Nutrition
2025-07-11 08:20:08,Include fruits and vegetables in every meal.,Nutrition
2025-07-11 08:20:12,Get at least 7-8 hours of sleep each night.,Sleep
2025-07-11 08:20:59,Take short walks after meals to aid digestion.,Exercise
2025-07-11 08:21:02,Get at least 7-8 hours of sleep each night.,Sleep
2025-07-11 08:21:03,Include fruits and vegetables in every meal.,Nutrition
2025-07-11 08:21:04,Include fruits and vegetables in every meal.,Nutrition
2025-07-11 08:21:11,Include fruits and vegetables in every meal.,Nutrition
2025-07-11 08:21:14,Drink at least 8 glasses of water daily to stay hydrated.,Hydration
2025-07-11 08:21:17,Drink at least 8 glasses of water daily to stay hydrated.,Hydration
2025-07-11 08:21:18,Drink at least 8 glasses of water daily to stay hydrated.,Hydration
2025-07-11 08:21:27,Take short walks after meals to aid digestion.,Exercise
2025-07-11 08:21:29,Take short walks after meals to aid digestion.,Exercise
2025-07-11 08:21:29,Take short walks after meals to aid digestion.,Exercise
2025-07-11 08:21:43,Get at least 7-8 hours of sleep each night.,Sleep
2025-07-11 08:21:46,Get at least 7-8 hours of sleep each night.,Sleep
2025-07-11 08:21:47,Get at least 7-8 hours of sleep each night.,Sleep
2025-07-11 08:24:22,Drink at least 8 glasses of water daily to stay hydrated.,Hydration
2025-07-11 08:24:28,Drink at least 8 glasses of water daily to stay hydrated.,Hydration
2025-07-11 08:24:34,Include fruits and vegetables in every meal.,Nutrition
2025-07-11 08:24:53,Take short walks after meals to aid digestion.,Exercise
2025-07-11 08:24:56,Take short walks after meals to aid digestion.,Exercise
2025-07-11 08:24:59,Include fruits and vegetables in every meal.,Nutrition
2025-07-11 08:25:01,Include fruits and vegetables in every meal.,Nutrition
2025-07-11 08:25:02,Include fruits and vegetables in every meal.,Nutrition
2025-07-11 08:25:18,Get at least 7-8 hours of sleep each night.,Sleep
2025-07-11 08:25:19,Get at least 7-8 hours of sleep each night.,Sleep
2025-07-11 08:25:20,Get at least 7-8 hours of sleep each night.,Sleep
2025-07-11 08:25:55,Take short walks after meals to aid digestion.,Exercise
2025-07-11 08:25:59,Take short walks after meals to aid digestion.,Exercise
2025-07-11 08:26:04,Take short walks after meals to aid digestion.,Exercise
2025-07-11 08:26:07,Take short walks after meals to aid digestion.,Exercise
2025-07-11 08:26:08,Take short walks after meals to aid digestion.,Exercise
2025-07-11 08:31:13,Take short walks after meals to aid digestion.,Exercise
2025-07-11 09:44:59,Drink at least 8 glasses of water daily to stay hydrated.,Hydration
2025-07-11 09:45:17,Include fruits and vegetables in every meal.,Nutrition
2025-07-11 09:45:22,Practice mindfulness or meditation for 10 minutes daily.,Mental Health
2025-07-11 09:45:33,Take short walks after meals to aid digestion.,Exercise
2025-07-11 09:45:34,Practice mindfulness or meditation for 10 minutes daily.,Mental Health
2025-07-11 09:45:37,Get at least 7-8 hours of sleep each night.,Sleep
2025-07-11 09:45:39,Get at least 7-8 hours of sleep each night.,Sleep
2025-07-11 09:45:42,Get at least 7-8 hours of sleep each night.,Sleep
2025-07-11 09:46:10,Get at least 7-8 hours of sleep each night.,Sleep
2025-07-11 10:00:21,Drink at least 8 glasses of water daily to stay hydrated.,Hydration
2025-07-11 10:00:26,Practice mindfulness or meditation for 10 minutes daily.,Mental Health
2025-07-11 10:00:29,Drink at least 8 glasses of water daily to stay hydrated.,Hydration
